episode,throughput,avg_option_duration,npca_switch_ratio,run,method
0,5116,91.28767123287672,1.0,0,always_npca
1,4662,102.02985074626865,1.0,0,always_npca
2,4700,92.34615384615384,1.0,0,always_npca
3,4278,105.02777777777777,1.0,0,always_npca
4,4175,101.3157894736842,1.0,0,always_npca
5,4224,107.98529411764706,1.0,0,always_npca
6,5018,95.08,1.0,0,always_npca
7,4203,109.8169014084507,1.0,0,always_npca
8,4448,103.52777777777777,1.0,0,always_npca
9,4337,97.29629629629629,1.0,0,always_npca
