episode,throughput,avg_option_duration,npca_switch_ratio,run,method
0,4851,146.48888888888888,0.0,0,never_npca
1,4620,147.70833333333334,0.0,0,never_npca
2,4290,148.96,0.0,0,never_npca
3,4455,149.66666666666666,0.0,0,never_npca
4,4125,154.3,0.0,0,never_npca
5,4653,156.06976744186048,0.0,0,never_npca
6,4917,130.34615384615384,0.0,0,never_npca
7,3960,159.3469387755102,0.0,0,never_npca
8,4884,133.1346153846154,0.0,0,never_npca
9,3432,169.55102040816325,0.0,0,never_npca
