episode,throughput,avg_option_duration,npca_switch_ratio,run,method
0,4455,163.5909090909091,0.0,1,never_npca
1,4026,179.16666666666666,0.0,1,never_npca
2,4356,151.27083333333334,0.0,1,never_npca
3,4983,167.6578947368421,0.0,1,never_npca
4,4686,138.7058823529412,0.0,1,never_npca
5,4983,132.9795918367347,0.0,1,never_npca
6,4026,163.29787234042553,0.0,1,never_npca
7,3894,157.54,0.0,1,never_npca
8,3597,173.85106382978722,0.0,1,never_npca
9,3993,153.64705882352942,0.0,1,never_npca
