episode,throughput,avg_option_duration,total_energy_uJ,npca_switch_ratio,scenario,method,run,intent
0,4063,128.5593220338983,15720.108000003767,1.0,light_npca,always_npca,0,
1,3953,127.49180327868852,15591.819000003863,1.0,light_npca,always_npca,0,
2,3499,118.31944444444444,14837.274000003647,1.0,light_npca,always_npca,0,
3,3508,124.94029850746269,14997.468000003779,1.0,light_npca,always_npca,0,
4,4422,116.3225806451613,16787.99400000449,1.0,light_npca,always_npca,0,
