episode,throughput,avg_option_duration,total_energy_uJ,npca_switch_ratio,scenario,method,run,intent
0,2867,192.1304347826087,12423.39000000216,0.3695652173913043,light_npca,balanced,0,일반 웹 서핑
1,3854,180.65116279069767,14523.561000003603,0.3488372093023256,light_npca,balanced,0,일반 웹 서핑
2,3908,170.6590909090909,14961.468000003775,0.4318181818181818,light_npca,balanced,0,일반 웹 서핑
3,3127,200.42857142857142,13227.921000003102,0.42857142857142855,light_npca,balanced,0,일반 웹 서핑
4,3541,166.42857142857142,14063.49900000338,0.5510204081632653,light_npca,balanced,0,일반 웹 서핑
