episode,throughput,avg_option_duration,total_energy_uJ,npca_switch_ratio,scenario,method,run,intent
0,3892,131.61666666666667,15344.45700000384,0.8833333333333333,light_npca,rule_based,0,
1,4212,137.88679245283018,15899.376000003953,0.8113207547169812,light_npca,rule_based,0,
2,3679,143.31034482758622,14435.21100000332,0.8448275862068966,light_npca,rule_based,0,
3,3572,138.46666666666667,14457.981000003118,0.8166666666666667,light_npca,rule_based,0,
4,3462,139.10169491525423,14716.005000003723,0.8983050847457628,light_npca,rule_based,0,
