episode,throughput,avg_option_duration,total_energy_uJ,npca_switch_ratio,scenario,method,run,intent
0,2714,158.20338983050848,12647.7390000025,0.8813559322033898,congested_npca,rule_based,0,
1,2783,144.43076923076924,12924.006000002531,0.8153846153846154,congested_npca,rule_based,0,
2,2625,147.06153846153848,12816.237000002271,0.8,congested_npca,rule_based,0,
3,2911,131.75714285714287,13298.934000002993,0.7857142857142857,congested_npca,rule_based,0,
4,2616,155.56451612903226,12096.732000002656,0.7903225806451613,congested_npca,rule_based,0,
