episode,throughput,avg_option_duration,total_energy_uJ,npca_switch_ratio,scenario,method,run,intent
0,3663,189.95238095238096,13993.905000003151,0.023809523809523808,free_npca,balanced,0,일반 웹 서핑
1,3654,181.07142857142858,14658.762000003486,0.09523809523809523,free_npca,balanced,0,일반 웹 서핑
2,3303,191.06976744186048,13606.011000002727,0.13953488372093023,free_npca,balanced,0,일반 웹 서핑
3,3201,195.75,13045.923000002764,0.0,free_npca,balanced,0,일반 웹 서핑
4,3498,201.17948717948718,13928.622000002713,0.05128205128205128,free_npca,balanced,0,일반 웹 서핑
