episode,throughput,avg_option_duration,total_energy_uJ,npca_switch_ratio,scenario,method,run,intent
0,4137,130.16949152542372,15871.248000004101,0.8135593220338984,free_npca,rule_based,0,
1,3480,118.21126760563381,14894.307000003362,0.8450704225352113,free_npca,rule_based,0,
2,4091,126.57627118644068,15739.155000003755,0.864406779661017,free_npca,rule_based,0,
3,3815,138.1818181818182,15229.188000003447,0.7636363636363637,free_npca,rule_based,0,
4,3659,136.11864406779662,14941.482000003776,0.7966101694915254,free_npca,rule_based,0,
